seat_number,total_rounds,wins,losses,pushes,win_rate,win_rate_ci_lower,win_rate_ci_upper,expected_value,total_profit,chi_square_statistic,chi_square_p_value,is_position_independent
1,100000,29199,70566,235,0.29199,0.2891799631140828,0.2948160175090141,-41.38945,-4138945.0,,,
2,100000,29069,70707,224,0.29069,0.287883712911914,0.2935123675852756,-42.80975,-4280975.0,,,
3,100000,28988,70749,263,0.28988,0.28707606345893677,0.2927000792674953,-42.37935,-4237935.0,,,
4,100000,28871,70882,247,0.28871,0.28590947791623017,0.2915267546968853,-44.69785,-4469785.0,,,
5,100000,28934,70831,235,0.28934,0.28653763653549114,0.29215854767710236,-43.6149,-4361490.0,,,
6,100000,28942,70817,241,0.28942,0.2866174031815542,0.2922387748849414,-43.02285,-4302285.0,,,
SUMMARY,600000,174003,424552,1445,,,,,-25791415.0,2.374631471871174,0.7952459059839204,True
